Entropy before packing,Entropy after packing ,Difference in Entropy,Our Results
2.737439229,2.698149279,-0.03928995,Not packed
2.327975755,3.561502965,1.233527211,Not packed
3.622635173,2.692014842,-0.930620331,Not packed
1.218229556,1.929054483,0.710824927,Not packed
2.390417337,2.635219456,0.244802119,Not packed
2.175231047,1.742273673,-0.432957374,Not packed
1.240387212,1.909957889,0.669570677,Not packed
1.203332259,0.84714663,-0.356185629,Not packed
1.860095034,1.95095939,0.090864356,Not packed
1.473009934,1.811750941,0.338741007,Not packed
2.93956785,3.509202179,0.56963433,Not packed
2.89736379,2.431213517,-0.466150273,Not packed
2.888248775,2.429088082,-0.459160693,Not packed
2.772468648,2.700579498,-0.07188915,Not packed
3.205817617,2.644015933,-0.561801685,Not packed
2.811239531,3.621296126,0.810056595,Not packed
1.886218979,2.771269474,0.885050495,Not packed
2.217627808,1.674113929,-0.543513879,Not packed
2.444977731,1.773332034,-0.671645697,Not packed
1.204379515,0.847397909,-0.356981606,Not packed
2.443155453,2.711619454,0.268464001,Not packed
2.043247412,1.845108047,-0.198139365,Not packed
1.89759708,3.61046053,1.71286345,Not packed
3.488814913,3.405642455,-0.083172458,Not packed
4.410610709,3.337599354,-1.073011354,Not packed
1.22985447,0.845518617,-0.384335853,Not packed
1.693721586,1.917489942,0.223768356,Not packed
2.164213366,1.815207755,-0.349005611,Not packed
1.402758404,1.870743736,0.467985332,Not packed
3.177202274,3.805338238,0.628135964,Not packed
2.410241428,1.817705715,-0.592535713,Not packed
2.189257842,2.424139399,0.234881557,Not packed
1.167786397,0.862759484,-0.305026913,Not packed
2.095031708,1.709906957,-0.385124751,Not packed
1.602869812,1.738355307,0.135485494,Not packed
1.989668275,1.705484002,-0.284184273,Not packed
1.242993899,0.836119791,-0.406874108,Not packed
1.249950733,0.839660091,-0.410290642,Not packed
1.20175037,0.838249017,-0.363501353,Not packed
3.239051094,2.719440986,-0.519610108,Not packed
4.084177383,3.469175669,-0.615001714,Not packed
3.390676094,3.184271469,-0.206404625,Not packed
1.235776276,0.847468112,-0.388308164,Not packed
2.07145489,1.728345565,-0.343109324,Not packed
2.784791992,2.60594023,-0.178851763,Not packed
1.017514883,0.941823095,-0.075691788,Not packed
2.077098885,1.685865784,-0.391233101,Not packed
1.920426559,1.948513539,0.028086981,Not packed
2.037698648,1.78702574,-0.250672909,Not packed
1.997063488,1.977972019,-0.019091469,Not packed
2.248558082,1.716676538,-0.531881543,Not packed
2.527827904,2.804811616,0.276983712,Not packed
2.223691265,2.716604896,0.49291363,Not packed
2.967467105,2.707657612,-0.259809492,Not packed
2.187198047,1.725188801,-0.462009246,Not packed
2.380348836,1.69250705,-0.687841786,Not packed
0.910539251,0.908806194,-0.001733057,Not packed
3.463609391,2.624256584,-0.839352807,Not packed
2.153844944,1.841406657,-0.312438287,Not packed
3.495351192,2.602276354,-0.893074838,Not packed
2.177470782,1.612943628,-0.564527154,Not packed
2.214499936,1.647377181,-0.567122755,Not packed
2.480724809,2.590861716,0.110136907,Not packed
2.017810195,1.65974748,-0.358062716,Not packed
0.84152048,0.901974114,0.060453634,Not packed
0.840819044,0.915206514,0.074387469,Not packed
1.180376342,0.831178079,-0.349198264,Not packed
1.231945355,0.84323584,-0.388709516,Not packed
1.850460742,1.920816446,0.070355704,Not packed
1.271594789,1.906028409,0.634433621,Not packed
1.228436193,1.891443504,0.663007311,Not packed
1.981720547,1.764166535,-0.217554012,Not packed
1.745238046,1.906486974,0.161248928,Not packed
1.219349977,0.83543312,-0.383916856,Not packed
2.33221773,1.654048958,-0.678168772,Not packed
3.170774015,2.465344268,-0.705429748,Not packed
3.554617767,3.419925265,-0.134692501,Not packed
1.112521147,0.880451195,-0.232069952,Not packed
1.143206236,0.860613996,-0.28259224,Not packed
2.167369588,1.658010095,-0.509359493,Not packed
1.255127041,0.825626027,-0.429501014,Not packed
2.196975075,1.677669618,-0.519305457,Not packed
1.269747003,0.818142166,-0.451604837,Not packed
1.238301753,0.839144059,-0.399157695,Not packed
1.152215873,0.850777997,-0.301437877,Not packed
1.36438769,1.650005211,0.285617522,Not packed
1.015233377,0.880120472,-0.135112905,Not packed
0.931472083,0.685694581,-0.245777502,Not packed
1.205888008,0.837504172,-0.368383836,Not packed
2.455745768,1.796001709,-0.659744059,Not packed
2.382799399,1.728299659,-0.65449974,Not packed
2.052934064,1.770488973,-0.282445091,Not packed
3.262532988,3.40732639,0.144793402,Not packed
4.413662207,3.367341072,-1.046321135,Not packed
1.242411368,1.807976619,0.565565252,Not packed
1.245807708,0.811039289,-0.434768418,Not packed
1.141779464,0.873442654,-0.268336809,Not packed
2.417879517,2.781976641,0.364097124,Not packed
1.180313722,1.932968879,0.752655158,Not packed
1.193832226,0.855310462,-0.338521763,Not packed
1.053191147,0.891016689,-0.162174458,Not packed
1.261769076,0.828347039,-0.433422037,Not packed
4.927549865,3.413209445,-1.51434042,Not packed
1.161692289,0.857728416,-0.303963873,Not packed
2.042906154,2.561354402,0.518448248,Not packed
1.019385844,0.88718662,-0.132199225,Not packed
1.239210254,0.82675026,-0.412459995,Not packed
3.202743583,2.443560424,-0.759183159,Not packed
1.229913968,0.821183509,-0.408730459,Not packed
1.244773462,1.906140435,0.661366973,Not packed
1.179056142,0.86198148,-0.317074662,Not packed
1.221155456,0.847041359,-0.374114097,Not packed
1.030094227,0.895939374,-0.134154853,Not packed
2.066608964,1.764496379,-0.302112585,Not packed
1.872773193,2.730067523,0.857294329,Not packed
2.332668907,1.668367125,-0.664301782,Not packed
1.043827849,0.880040815,-0.163787034,Not packed
2.341323918,2.862366287,0.521042369,Not packed
1.240606871,0.836770803,-0.403836068,Not packed
4.142495331,3.441284294,-0.701211037,Not packed
2.44488613,1.686815258,-0.758070872,Not packed
1.273007554,1.89204533,0.619037776,Not packed
2.510533833,2.009880948,-0.500652885,Not packed
2.189320759,1.648128661,-0.541192098,Not packed
1.257995966,0.832777726,-0.42521824,Not packed
1.167424237,0.853694869,-0.313729368,Not packed
1.192176815,0.851018085,-0.34115873,Not packed
1.144559279,1.939930354,0.795371075,Not packed
2.063002847,1.686430313,-0.376572534,Not packed
2.94682464,2.562670669,-0.384153971,Not packed
2.28121462,1.673649061,-0.607565559,Not packed
2.46833955,2.765114675,0.296775126,Not packed
2.856128631,2.62047446,-0.23565417,Not packed
2.71712638,2.125606831,-0.591519549,Not packed
1.171085635,0.857669057,-0.313416578,Not packed
2.114347348,1.680342905,-0.434004443,Not packed
1.761572005,1.622081376,-0.13949063,Not packed
1.17809028,0.834382455,-0.343707825,Not packed
2.185068509,1.804448017,-0.380620492,Not packed
1.209328655,1.834698636,0.625369981,Not packed
2.964906983,2.744029294,-0.220877689,Not packed
1.41238822,1.632950978,0.220562758,Not packed
2.370328518,1.603309822,-0.767018696,Not packed
1.934648753,1.631140777,-0.303507976,Not packed
3.89114637,3.211033946,-0.680112424,Not packed
3.682246744,3.213813555,-0.468433189,Not packed
2.392067404,1.601352387,-0.790715017,Not packed
4.728883533,3.542077201,-1.186806332,Not packed
3.603274688,3.765573799,0.162299111,Not packed
1.55751345,1.814971498,0.257458048,Not packed
3.080516159,3.365619166,0.285103006,Not packed
2.826168986,3.5974549,0.771285913,Not packed
1.038262136,0.889331514,-0.148930622,Not packed
1.193146753,0.845769874,-0.347376879,Not packed
0.987325691,0.880374558,-0.106951133,Not packed
1.144132229,0.863238162,-0.280894068,Not packed
4.271406205,3.428624281,-0.842781924,Not packed
0.963790098,0.894533801,-0.069256297,Not packed
1.949076846,1.73266892,-0.216407926,Not packed
1.249645722,1.773894437,0.524248715,Not packed
2.024904387,1.680469118,-0.344435269,Not packed
2.041522185,1.743960701,-0.297561484,Not packed
1.196841179,0.856695005,-0.340146174,Not packed
4.717770693,3.379307012,-1.338463681,Not packed
1.186727984,1.849857066,0.663129082,Not packed
2.164636162,1.805420676,-0.359215486,Not packed
1.204822359,1.934578282,0.729755923,Not packed
0.892584812,0.806569474,-0.086015339,Not packed
3.132625404,2.598772543,-0.533852861,Not packed
2.089739484,2.72497301,0.635233526,Not packed
2.231537878,1.719543374,-0.511994504,Not packed
1.154440994,1.789530858,0.635089864,Not packed
1.187594947,0.870741552,-0.316853395,Not packed
2.313706022,1.798711456,-0.514994565,Not packed
1.697832603,1.891991399,0.194158795,Not packed
2.135973006,1.723914769,-0.412058237,Not packed
1.907800672,2.604833674,0.697033002,Not packed
1.198336455,0.852050485,-0.34628597,Not packed
3.353270465,2.646488019,-0.706782445,Not packed
1.819755113,1.82623161,0.006476497,Not packed
1.931607982,1.928022282,-0.0035857,Not packed
1.172038064,0.851360376,-0.320677687,Not packed
2.058774991,1.681303205,-0.377471786,Not packed
1.131957758,0.820012676,-0.311945082,Not packed
1.259108346,1.815521739,0.556413393,Not packed
1.204096774,0.844197806,-0.359898968,Not packed
3.176619177,2.654611104,-0.522008073,Not packed
1.171541344,0.862494159,-0.309047186,Not packed
1.489352415,1.908908213,0.419555797,Not packed
2.052952456,2.562795249,0.509842793,Not packed
1.556392689,1.909959629,0.35356694,Not packed
1.958245798,1.779597518,-0.17864828,Not packed
1.699247228,1.835144786,0.135897559,Not packed
2.795666761,2.843862688,0.048195927,Not packed
4.095210026,3.306192528,-0.789017498,Not packed
4.16545229,3.806347385,-0.359104904,Not packed
3.332888092,2.685673084,-0.647215009,Not packed
1.183318819,0.851152878,-0.332165941,Not packed
4.338696698,3.380862478,-0.95783422,Not packed
1.884114353,1.655869863,-0.22824449,Not packed
1.243435851,0.825910487,-0.417525364,Not packed
2.79022862,2.753267339,-0.036961281,Not packed
1.850562547,1.791829709,-0.058732838,Not packed
2.774520945,2.628784952,-0.145735993,Not packed
2.109584707,1.789455225,-0.320129482,Not packed
1.255098726,0.823192668,-0.431906057,Not packed
3.090483602,2.556721682,-0.53376192,Not packed
2.286252952,1.747804386,-0.538448565,Not packed
3.53089306,2.547249998,-0.983643062,Not packed
2.464731286,1.717308681,-0.747422605,Not packed
2.920838289,2.492253633,-0.428584657,Not packed
2.047396586,1.959026309,-0.088370277,Not packed
1.219122961,0.842854559,-0.376268401,Not packed
2.905456875,2.549081457,-0.356375418,Not packed
4.848195131,3.433072089,-1.415123042,Not packed
4.752385513,3.497586348,-1.254799165,Not packed
4.641022338,3.450293649,-1.190728689,Not packed
1.240879031,0.850503239,-0.390375792,Not packed
1.207820685,0.856671378,-0.351149307,Not packed
2.462764997,1.90281252,-0.559952477,Not packed
1.240816979,0.830680621,-0.410136358,Not packed
2.360415695,1.77782006,-0.582595635,Not packed
2.601510245,2.708001201,0.106490956,Not packed
2.340895028,1.790228226,-0.550666801,Not packed
1.021712585,0.89025396,-0.131458625,Not packed
2.779086188,2.50774764,-0.271338548,Not packed
2.464198561,1.788478853,-0.675719707,Not packed
1.154285214,0.868565588,-0.285719627,Not packed
4.096248181,3.450532519,-0.645715662,Not packed
1.208019885,0.815729849,-0.392290036,Not packed
1.216889484,0.807997136,-0.408892348,Not packed
2.429125375,1.781326319,-0.647799057,Not packed
2.701224075,2.454258368,-0.246965707,Not packed
1.194591614,0.862476004,-0.33211561,Not packed
1.256974801,0.833235947,-0.423738853,Not packed
2.950657777,2.617973619,-0.332684157,Not packed
2.300546756,1.62949165,-0.671055107,Not packed
2.457273911,1.780885923,-0.676387988,Not packed
0.824389303,0.908341397,0.083952094,Not packed
2.226488042,2.75232211,0.525834068,Not packed
2.279627466,4.007809949,1.728182483,Not packed
1.233233399,0.822469447,-0.410763952,Not packed
2.518740395,1.764890269,-0.753850126,Not packed
2.110644665,1.688497784,-0.422146881,Not packed
2.889200651,2.626159111,-0.26304154,Not packed
2.273260335,1.801711288,-0.471549048,Not packed
4.150855407,3.466826142,-0.684029264,Not packed
2.843991631,2.753298996,-0.090692635,Not packed
2.246985522,1.805999391,-0.440986131,Not packed
2.421094323,2.535960245,0.114865921,Not packed
1.247638862,0.836794299,-0.410844563,Not packed
1.227317485,1.902184609,0.674867124,Not packed
4.817406604,3.464537712,-1.352868892,Not packed
1.282220175,0.836211096,-0.446009079,Not packed
1.019872629,0.883587004,-0.136285625,Not packed
2.57973318,2.683443646,0.103710466,Not packed
2.502710957,2.853306338,0.350595381,Not packed
4.221106592,3.308379842,-0.91272675,Not packed
1.223797016,1.889883166,0.66608615,Not packed
2.23959994,1.801076447,-0.438523492,Not packed
4.331117838,3.457463642,-0.873654195,Not packed
4.629744723,3.366331423,-1.2634133,Not packed
2.537894268,1.737105488,-0.800788779,Not packed
1.215953415,1.829275168,0.613321753,Not packed
1.256686487,2.794227093,1.537540607,Not packed
3.670672669,2.674001646,-0.996671023,Not packed
4.119175666,3.253358495,-0.865817171,Not packed
1.245490804,0.82354079,-0.421950014,Not packed
2.453797308,1.788917241,-0.664880067,Not packed
3.227438584,2.539833412,-0.687605172,Not packed
3.20725058,3.399517328,0.192266748,Not packed
3.189302306,2.594984796,-0.59431751,Not packed
2.422501665,1.809738371,-0.612763294,Not packed
4.188860871,3.341926383,-0.846934487,Not packed
2.754593571,2.102369148,-0.652224423,Not packed
2.440032278,1.760568928,-0.67946335,Not packed
1.246321259,0.841556997,-0.404764261,Not packed
3.4198593,2.493294721,-0.926564579,Not packed
2.502835194,1.77055071,-0.732284484,Not packed
2.689431309,2.66302221,-0.026409098,Not packed
2.225144192,1.80826185,-0.416882342,Not packed
1.256287798,0.816166271,-0.440121527,Not packed
1.994513716,1.922652138,-0.071861578,Not packed
3.138247362,2.601255115,-0.536992247,Not packed
3.580626735,3.458357179,-0.122269556,Not packed
1.176489326,0.863092384,-0.313396942,Not packed
3.111439627,2.495208354,-0.616231273,Not packed
1.237852067,1.823141015,0.585288949,Not packed
1.217006884,1.741913523,0.524906639,Not packed
3.403947882,2.632592381,-0.771355502,Not packed
1.228846455,0.821098012,-0.407748442,Not packed
3.014394773,3.524196528,0.509801754,Not packed
3.099337747,2.621201391,-0.478136356,Not packed
1.182698132,1.09622438,-0.086473752,Packed
1.371092543,1.0862788,-0.284813743,Packed
1.540120395,1.097829191,-0.442291204,Packed
1.466133998,1.158957762,-0.307176235,Packed
1.404635818,1.094573556,-0.310062262,Packed
1.457297714,1.127402608,-0.329895106,Packed
1.368933833,1.123029055,-0.245904778,Packed
1.430332481,1.159477653,-0.270854827,Packed
1.36353448,1.086665418,-0.276869062,Packed
1.404107765,1.104380247,-0.299727518,Packed
1.310756821,1.06228533,-0.248471491,Packed
1.312518924,1.061663528,-0.250855396,Packed
1.312296232,1.062621994,-0.249674238,Packed
1.230111369,1.093845554,-0.136265815,Packed
1.337918235,1.080366678,-0.257551558,Packed
1.322960411,1.075763306,-0.247197105,Packed
1.42496317,1.112156041,-0.312807129,Packed
1.350064946,1.081685422,-0.268379523,Packed
1.380995237,1.092317962,-0.288677275,Packed
1.474547452,1.160626895,-0.313920556,Packed
1.421971312,1.130545464,-0.291425848,Packed
1.393995068,1.108650963,-0.285344105,Packed
1.325712134,1.070255107,-0.255457027,Packed
1.303112025,1.058024026,-0.245087999,Packed
1.418480334,1.17840058,-0.240079754,Packed
1.503544319,1.160253696,-0.343290623,Packed
1.415838454,1.129146478,-0.286691976,Packed
1.412994477,1.111729049,-0.301265428,Packed
1.065659372,1.109382686,0.043723314,Packed
1.434384156,1.129479053,-0.304905103,Packed
1.290258263,1.068932188,-0.221326075,Packed
1.416301743,1.172733628,-0.243568114,Packed
1.377162232,1.09372666,-0.283435572,Packed
1.394008722,1.105698443,-0.288310279,Packed
1.367925598,1.091585692,-0.276339906,Packed
1.491875648,1.140981066,-0.350894582,Packed
1.453410861,1.160719693,-0.292691167,Packed
1.406179886,1.148204953,-0.257974934,Packed
1.32533681,1.066011914,-0.259324896,Packed
1.349676139,1.076946165,-0.272729974,Packed
1.485782956,1.163594098,-0.322188858,Packed
1.351867477,1.122014198,-0.229853279,Packed
1.377859241,1.078136354,-0.299722887,Packed
1.361794162,1.267093672,-0.09470049,Packed
1.394738998,1.1042763,-0.290462697,Packed
1.407132731,1.208328399,-0.198804333,Packed
1.469904872,1.113897587,-0.356007284,Packed
1.374606079,1.217086237,-0.157519842,Packed
1.456282785,1.143841994,-0.312440791,Packed
1.392156702,1.094600661,-0.297556041,Packed
1.15970102,1.113426174,-0.046274846,Packed
1.409290264,1.09334733,-0.315942934,Packed
1.435343309,1.117227748,-0.318115562,Packed
1.357143013,1.083012936,-0.274130078,Packed
1.480045136,1.242447873,-0.237597263,Packed
1.364952428,1.082009134,-0.282943294,Packed
1.445035395,1.154252798,-0.290782597,Packed
1.341285188,1.071228972,-0.270056216,Packed
1.340035603,1.079584241,-0.260451362,Packed
1.356833488,1.084902335,-0.271931153,Packed
1.305002879,1.068445264,-0.236557615,Packed
1.415366345,1.113897835,-0.301468509,Packed
1.092553165,1.270684788,0.178131622,Packed
1.090570344,1.265379628,0.174809284,Packed
1.437830604,1.125758151,-0.312072454,Packed
1.431208201,1.169221625,-0.261986576,Packed
1.424876478,1.121208683,-0.303667795,Packed
1.426066822,1.12454804,-0.301518782,Packed
1.389327028,1.097955664,-0.291371364,Packed
1.490715522,1.081972547,-0.408742975,Packed
1.197147119,1.181337534,-0.015809584,Packed
1.422193709,1.130941983,-0.291251727,Packed
1.372139296,1.084114468,-0.288024828,Packed
1.334690424,1.070760155,-0.263930269,Packed
1.243886232,1.069005834,-0.174880398,Packed
1.365478888,1.209448781,-0.156030107,Packed
1.494229489,1.175350245,-0.318879244,Packed
1.365477335,1.08483141,-0.280645924,Packed
1.415245304,1.121632204,-0.2936131,Packed
1.383866684,1.101625975,-0.28224071,Packed
1.376375882,1.100605206,-0.275770676,Packed
1.456178281,1.151297341,-0.30488094,Packed
1.422696992,1.173748546,-0.248948446,Packed
1.432129221,1.122370918,-0.309758303,Packed
1.347127187,1.193606883,-0.153520304,Packed
1.397141661,1.171294886,-0.225846774,Packed
1.454896566,1.16320959,-0.291686975,Packed
1.421047085,1.118351254,-0.302695832,Packed
1.383716861,1.098851063,-0.284865798,Packed
1.411579921,1.108067156,-0.303512765,Packed
1.378124921,1.076083522,-0.302041399,Packed
1.34339627,1.064261457,-0.279134814,Packed
1.463235425,1.162435015,-0.30080041,Packed
1.396354041,1.097594722,-0.298759318,Packed
1.459622509,1.18416695,-0.27545556,Packed
1.37946419,1.084261047,-0.295203143,Packed
1.445871541,1.165429978,-0.280441563,Packed
1.410530466,1.14731716,-0.263213305,Packed
1.308232947,1.206760172,-0.101472775,Packed
1.420610142,1.123572002,-0.297038139,Packed
1.307534451,1.061386496,-0.246147955,Packed
1.399241157,1.167000932,-0.232240226,Packed
1.376884974,1.088320808,-0.288564166,Packed
1.305743306,1.203499856,-0.10224345,Packed
1.424868701,1.128361988,-0.296506713,Packed
1.33811316,1.076147218,-0.261965943,Packed
1.370727175,1.121954352,-0.248772823,Packed
1.365555151,1.116460985,-0.249094166,Packed
1.462486796,1.17548259,-0.287004206,Packed
1.425477328,1.162058142,-0.263419186,Packed
1.422624044,1.202651153,-0.219972891,Packed
1.414043062,1.104681012,-0.30936205,Packed
1.366225349,1.086448625,-0.279776724,Packed
1.381809879,1.088836777,-0.292973102,Packed
1.488909467,1.182310365,-0.306599102,Packed
1.397457572,1.102048755,-0.295408817,Packed
1.478255655,1.134101495,-0.34415416,Packed
1.327776057,1.074025738,-0.253750319,Packed
1.355900669,1.08540656,-0.270494109,Packed
1.408426327,1.102107083,-0.306319244,Packed
1.369478112,1.080821781,-0.288656331,Packed
1.356832129,1.092248436,-0.264583693,Packed
1.426524562,1.124982629,-0.301541933,Packed
1.419221928,1.178675028,-0.2405469,Packed
1.452366874,1.162659391,-0.289707484,Packed
1.344580192,1.179082229,-0.165497964,Packed
1.401930699,1.109722105,-0.292208594,Packed
1.402967399,1.096323777,-0.306643621,Packed
1.366608084,1.088808424,-0.277799659,Packed
1.407234452,1.101205012,-0.30602944,Packed
1.170611762,1.089711475,-0.080900286,Packed
1.499280875,1.169220236,-0.330060639,Packed
1.405827689,1.112075315,-0.293752374,Packed
1.373566432,1.083022443,-0.290543989,Packed
1.434651742,1.13483155,-0.299820192,Packed
1.446163712,1.141005859,-0.305157853,Packed
1.419561825,1.136239974,-0.283321851,Packed
1.148539941,1.112228514,-0.036311426,Packed
1.398969871,1.1031803,-0.295789571,Packed
1.409515871,1.074109013,-0.335406858,Packed
1.384792945,1.090988107,-0.293804838,Packed
1.327509214,1.048863356,-0.278645858,Packed
1.328343156,1.049120096,-0.279223061,Packed
1.325193889,1.059867888,-0.265326001,Packed
1.433906714,1.082377047,-0.351529667,Packed
1.456793117,1.131889098,-0.324904019,Packed
1.386076982,1.094865569,-0.291211413,Packed
1.188242489,1.056712656,-0.131529833,Packed
1.290367952,1.078634872,-0.21173308,Packed
1.179482891,1.210704955,0.031222063,Packed
1.525079591,1.159230249,-0.365849342,Packed
1.441305086,1.209032498,-0.232272588,Packed
1.507190232,1.183892606,-0.323297626,Packed
1.425139513,1.078652158,-0.346487355,Packed
1.451759319,1.253762456,-0.197996863,Packed
1.397848079,1.101735259,-0.296112819,Packed
1.433258674,1.118958176,-0.314300498,Packed
1.353805646,1.081273547,-0.272532099,Packed
1.408105237,1.101740023,-0.306365214,Packed
1.38750598,1.174856808,-0.212649172,Packed
1.336849645,1.066838377,-0.270011268,Packed
1.405257597,1.144112667,-0.26114493,Packed
1.424078737,1.130628936,-0.2934498,Packed
1.439641406,1.164735651,-0.274905754,Packed
1.626798527,1.107905607,-0.51889292,Packed
1.454053061,1.082733083,-0.371319978,Packed
1.413827187,1.107436546,-0.306390641,Packed
1.411151164,1.121100731,-0.290050432,Packed
1.433370865,1.153445907,-0.279924959,Packed
1.446260206,1.194586058,-0.251674148,Packed
1.383140126,1.100351353,-0.282788772,Packed
1.403672219,1.192207377,-0.211464842,Packed
1.404923774,1.103866482,-0.301057292,Packed
1.373845942,1.092747081,-0.28109886,Packed
1.454935223,1.16065922,-0.294276003,Packed
1.299883414,1.092292202,-0.207591212,Packed
1.420784524,1.120250073,-0.300534452,Packed
1.418449525,1.16059791,-0.257851616,Packed
1.45882392,1.174494737,-0.284329183,Packed
1.371671675,1.092180779,-0.279490895,Packed
1.476447626,1.121782597,-0.354665029,Packed
1.391090201,1.106324773,-0.284765428,Packed
1.468284701,1.149228284,-0.319056417,Packed
1.416341451,1.093502467,-0.322838984,Packed
1.441734767,1.169246063,-0.272488704,Packed
1.408292715,1.116171371,-0.292121344,Packed
1.369496615,1.078715464,-0.290781151,Packed
1.435782886,1.144141532,-0.291641353,Packed
1.453956298,1.110373702,-0.343582596,Packed
1.375942101,1.137799666,-0.238142436,Packed
1.36968077,1.089478014,-0.280202757,Packed
1.301232277,1.065844989,-0.235387288,Packed
1.333012755,1.074884071,-0.258128684,Packed
1.228139689,1.10370695,-0.12443274,Packed
1.473922149,1.167520014,-0.306402135,Packed
1.353330558,1.071979014,-0.281351544,Packed
1.382979154,1.098071717,-0.284907437,Packed
1.394686083,1.120145303,-0.27454078,Packed
1.489062564,1.086851457,-0.402211106,Packed
1.444564391,1.149889841,-0.29467455,Packed
1.378785726,1.086535165,-0.29225056,Packed
1.404921277,1.107723413,-0.297197864,Packed
1.398637789,1.117632655,-0.281005133,Packed
1.365067684,1.071329441,-0.293738243,Packed
1.431901171,1.130625342,-0.301275828,Packed
1.412867709,1.093697473,-0.319170236,Packed
1.365865007,1.092183502,-0.273681505,Packed
1.269972033,1.066097588,-0.203874444,Packed
1.434303972,1.183724867,-0.250579105,Packed
1.453235581,1.143485555,-0.309750025,Packed
1.209673307,1.076607601,-0.133065706,Packed
1.333390968,1.06683403,-0.266556938,Packed
1.337585174,1.06860487,-0.268980304,Packed
1.375534594,1.073556094,-0.3019785,Packed
1.410911404,1.152755757,-0.258155648,Packed
1.424641031,1.168276974,-0.256364057,Packed
1.470423076,1.149097102,-0.321325974,Packed
1.442272095,1.130728914,-0.31154318,Packed
1.438153994,1.108513231,-0.329640763,Packed
1.393512835,1.131919175,-0.261593659,Packed
1.397832358,1.093404117,-0.304428241,Packed
1.551484877,1.222194787,-0.32929009,Packed
1.212555405,1.084867247,-0.127688159,Packed
1.392640745,1.104566215,-0.28807453,Packed
1.372665167,1.194275369,-0.178389798,Packed
1.361139118,1.076215435,-0.284923682,Packed
1.38252332,1.113916077,-0.268607243,Packed
1.380608209,1.089522585,-0.291085624,Packed
1.378258399,1.094236831,-0.284021568,Packed
1.272123768,1.068942596,-0.203181172,Packed
1.47378653,1.186880771,-0.286905758,Packed
1.439091394,1.131801306,-0.307290087,Packed
1.22149957,1.083860395,-0.137639175,Packed
1.337316337,1.066384052,-0.270932285,Packed
1.446154416,1.111542813,-0.334611602,Packed
1.366620924,1.212608161,-0.154012763,Packed
1.451540268,1.101756988,-0.34978328,Packed
1.416692798,1.113484511,-0.303208287,Packed
1.413541378,1.108505259,-0.305036119,Packed
1.39306791,1.105176343,-0.287891567,Packed
1.246762289,1.109956963,-0.136805327,Packed
1.430087962,1.121725162,-0.3083628,Packed
1.338456768,1.078458238,-0.25999853,Packed
1.463496477,1.12759329,-0.335903187,Packed
1.452271962,1.135697939,-0.316574023,Packed
1.253186135,1.054129587,-0.199056548,Packed
1.433318066,1.139099179,-0.294218887,Packed
1.39537874,1.118120478,-0.277258262,Packed
1.336383954,1.068635836,-0.267748119,Packed
1.518238194,1.152464973,-0.365773221,Packed
1.424936262,1.188511929,-0.236424332,Packed
1.409554853,1.09192934,-0.317625513,Packed
1.378318495,1.087705699,-0.290612796,Packed
1.327702357,1.059812735,-0.267889622,Packed
1.390038727,1.098661119,-0.291377609,Packed
1.431932036,1.122057188,-0.309874847,Packed
1.367736654,1.070937818,-0.296798836,Packed
1.321002068,1.054555433,-0.266446635,Packed
1.399191548,1.095394448,-0.303797099,Packed
1.429983451,1.133335003,-0.296648448,Packed
1.432420786,1.107749142,-0.324671643,Packed
1.361342246,1.079051527,-0.282290719,Packed
1.153522148,1.054889107,-0.098633041,Packed
1.428469506,1.122954459,-0.305515048,Packed
1.40214725,1.111238936,-0.290908315,Packed
1.262053633,1.081362988,-0.180690646,Packed
1.325331492,1.068326326,-0.257005166,Packed
1.389644834,1.093332289,-0.296312546,Packed
1.327037465,1.070410913,-0.256626553,Packed
1.432704142,1.124034882,-0.308669259,Packed
1.420708726,1.143583354,-0.277125372,Packed
1.364983579,1.063973997,-0.301009582,Packed
1.415188099,1.097852576,-0.317335522,Packed
1.065319011,1.099126124,0.033807113,Packed
1.435577968,1.131213439,-0.304364529,Packed
1.387938082,1.108972114,-0.278965968,Packed
1.441883896,1.172176017,-0.269707879,Packed
1.368837507,1.076551572,-0.292285936,Packed
1.378316572,1.076896547,-0.301420025,Packed
1.396355532,1.177656312,-0.218699221,Packed
1.318504806,1.067205959,-0.251298847,Packed
1.411641757,1.119149839,-0.292491918,Packed
1.404328457,1.099630006,-0.304698451,Packed
1.371089764,1.079839583,-0.291250181,Packed
1.422485726,1.117639168,-0.304846558,Packed
1.255265564,1.051919026,-0.203346538,Packed
1.270919995,1.101708041,-0.169211955,Packed
2.584472775,2.226314095,-0.35815868,Packed
2.651042267,2.3058762,-0.345166066,Packed
2.614816579,2.241427752,-0.373388827,Packed
2.691146843,2.299549072,-0.39159777,Packed
2.634418239,2.282173387,-0.352244853,Packed
2.695646597,2.296427738,-0.399218859,Packed
2.723805338,2.305673506,-0.418131832,Packed
2.684976323,2.30491625,-0.380060073,Packed
2.628881906,2.277517852,-0.351364054,Packed
2.644785353,2.292107618,-0.352677736,Packed
2.566889393,2.175890448,-0.390998945,Packed
2.578025528,2.176173591,-0.401851937,Packed
2.562603314,2.177741991,-0.384861323,Packed
2.566122887,2.225724212,-0.340398675,Packed
2.600696976,2.243158157,-0.35753882,Packed
2.565489422,2.188146536,-0.377342886,Packed
2.684105775,2.251550557,-0.432555218,Packed
2.659517187,2.274226147,-0.38529104,Packed
2.640216425,2.279703252,-0.360513172,Packed
2.708173577,2.303468901,-0.404704676,Packed
2.579446609,2.226586191,-0.352860418,Packed
2.688043591,2.290290588,-0.397753003,Packed
2.678839941,2.305969281,-0.372870661,Packed
2.611745489,2.25371154,-0.358033949,Packed
2.619376388,2.243618214,-0.375758173,Packed
2.672711497,2.302089385,-0.370622111,Packed
2.667883551,2.289946519,-0.377937032,Packed
2.655531514,2.279224629,-0.376306886,Packed
2.692274849,2.286531868,-0.40574298,Packed
2.373983808,2.239693575,-0.134290233,Packed
2.667439325,2.298023433,-0.369415892,Packed
2.607852217,2.202398705,-0.405453512,Packed
2.693742548,2.300885649,-0.392856899,Packed
2.609890309,2.257198579,-0.35269173,Packed
2.715960952,2.257460201,-0.458500751,Packed
2.598480139,2.257602099,-0.34087804,Packed
2.671227794,2.285312081,-0.385915713,Packed
2.662470349,2.303192307,-0.359278042,Packed
2.733111443,2.29550135,-0.437610093,Packed
2.582058167,2.231516787,-0.350541379,Packed
2.574502985,2.197243792,-0.377259193,Packed
2.577931387,2.200000865,-0.377930522,Packed
2.709592834,2.300485738,-0.409107096,Packed
2.636043144,2.253852018,-0.382191126,Packed
2.664424494,2.320218367,-0.344206127,Packed
2.656691497,2.275488773,-0.381202724,Packed
2.664737157,2.296224182,-0.368512975,Packed
2.635663597,2.239343733,-0.396319864,Packed
2.635627842,2.308569805,-0.327058037,Packed
2.713360368,2.28723089,-0.426129478,Packed
2.643890035,2.277771519,-0.366118516,Packed
2.611177713,2.235218371,-0.375959342,Packed
2.584760632,2.239313812,-0.34544682,Packed
2.665353918,2.252694917,-0.412659001,Packed
2.629863568,2.282897434,-0.346966134,Packed
2.705716482,2.305391893,-0.400324589,Packed
2.628123118,2.286021758,-0.342101359,Packed
2.712297284,2.304383181,-0.407914104,Packed
2.625354518,2.267346345,-0.358008173,Packed
2.618366032,2.196220901,-0.422145131,Packed
2.653057939,2.278510877,-0.374547062,Packed
2.538731112,2.196042371,-0.342688741,Packed
2.590521992,2.211781041,-0.378740951,Packed
2.731266817,2.36792762,-0.363339197,Packed
2.717157068,2.357283441,-0.359873627,Packed
2.712456175,2.301730466,-0.410725709,Packed
2.697971113,2.291087131,-0.406883982,Packed
2.705773876,2.289800077,-0.415973798,Packed
2.724332727,2.273898056,-0.450434671,Packed
2.608442365,2.281790001,-0.326652364,Packed
2.667682398,2.26535711,-0.402325288,Packed
2.615668883,2.291829756,-0.323839126,Packed
2.691595614,2.302405211,-0.389190404,Packed
2.593174295,2.24043389,-0.352740405,Packed
2.579077604,2.203157433,-0.375920171,Packed
2.587505835,2.20378806,-0.383717775,Packed
2.708320979,2.309621105,-0.398699874,Packed
2.681392488,2.312113656,-0.369278833,Packed
2.646591918,2.286618665,-0.359973252,Packed
2.684129295,2.282615066,-0.401514229,Packed
2.621437323,2.236845793,-0.384591531,Packed
2.626519648,2.271607179,-0.354912469,Packed
2.704435915,2.297895873,-0.406540043,Packed
2.704379023,2.295104998,-0.409274026,Packed
2.649781608,2.28862948,-0.361152128,Packed
2.71612472,2.297282538,-0.418842182,Packed
2.697804277,2.286803858,-0.411000419,Packed
2.68576854,2.295264391,-0.390504148,Packed
2.669912382,2.279369351,-0.390543031,Packed
2.629077432,2.280934942,-0.348142489,Packed
2.640334619,2.286995627,-0.353338992,Packed
2.589893989,2.207502916,-0.382391073,Packed
2.63098319,2.252794393,-0.378188797,Packed
2.659412853,2.301051559,-0.358361295,Packed
2.629849348,2.280277789,-0.349571558,Packed
2.661954428,2.302613373,-0.359341055,Packed
2.633423593,2.288276363,-0.34514723,Packed
2.720271752,2.297577268,-0.422694484,Packed
2.667281755,2.284021524,-0.383260231,Packed
2.750950192,2.312701368,-0.438248824,Packed
2.683136177,2.294227478,-0.3889087,Packed
2.64702731,2.258146622,-0.388880688,Packed
2.672467803,2.295081804,-0.377385999,Packed
2.646164981,2.271321634,-0.374843347,Packed
2.705265783,2.29794589,-0.407319893,Packed
2.63556782,2.293714994,-0.341852826,Packed
2.578025127,2.198280043,-0.379745085,Packed
2.713757069,2.311278482,-0.402478586,Packed
2.69482987,2.316284834,-0.378545036,Packed
2.670898376,2.304490519,-0.366407856,Packed
2.679470576,2.299919642,-0.379550934,Packed
2.690727236,2.314507778,-0.376219458,Packed
2.710407348,2.285648709,-0.424758639,Packed
2.610112535,2.262044331,-0.348068204,Packed
2.644405517,2.283190697,-0.36121482,Packed
2.665811514,2.295185277,-0.370626236,Packed
2.624657398,2.278427074,-0.346230324,Packed
2.655852192,2.289661851,-0.366190341,Packed
2.612607744,2.221224072,-0.391383673,Packed
2.625395385,2.277610589,-0.347784796,Packed
2.625451429,2.286683774,-0.338767655,Packed
2.64356139,2.275978922,-0.367582468,Packed
2.595648727,2.239514762,-0.356133965,Packed
2.682498648,2.281444261,-0.401054387,Packed
2.685831143,2.294732253,-0.391098891,Packed
2.708371187,2.306210608,-0.402160579,Packed
2.68341471,2.348335689,-0.335079022,Packed
2.640159134,2.254930301,-0.385228833,Packed
2.594227431,2.231357486,-0.362869945,Packed
2.650722509,2.276157811,-0.374564698,Packed
2.645119375,2.281247201,-0.363872174,Packed
2.584742813,2.214378682,-0.370364131,Packed
2.602976514,2.160479718,-0.442496795,Packed
2.667158568,2.275969508,-0.391189061,Packed
2.648681506,2.288365438,-0.360316068,Packed
2.664351293,2.278186336,-0.386164958,Packed
2.703312746,2.289631475,-0.41368127,Packed
2.69066131,2.291340925,-0.399320385,Packed
2.683456783,2.298282494,-0.385174289,Packed
2.594240538,2.241624642,-0.352615896,Packed
2.635691096,2.275917289,-0.359773807,Packed
2.656613895,2.273636324,-0.382977571,Packed
2.624617643,2.247053168,-0.377564476,Packed
0.575447166,0.523423235,-0.052023931,Packed
0.571191399,0.523499052,-0.047692347,Packed
2.614793557,2.218847543,-0.395946014,Packed
2.630856286,2.239940775,-0.390915512,Packed
2.473732481,2.288200172,-0.185532309,Packed
2.642464192,2.280651227,-0.361812965,Packed
2.511882226,2.175337157,-0.336545068,Packed
2.552117417,2.199056658,-0.353060759,Packed
2.660825858,2.30382998,-0.356995878,Packed
2.688626302,2.292031691,-0.396594611,Packed
2.693822098,2.304245337,-0.389576762,Packed
2.694301457,2.298531892,-0.395769564,Packed
2.62264632,2.236731662,-0.385914658,Packed
2.68794772,2.325392276,-0.362555445,Packed
2.640881599,2.279486861,-0.361394738,Packed
2.699992775,2.282052488,-0.417940287,Packed
2.63151076,2.269094276,-0.362416485,Packed
2.629410525,2.281723299,-0.347687226,Packed
2.690223636,2.299538921,-0.390684715,Packed
2.639985426,2.242277161,-0.397708265,Packed
2.703369181,2.331767679,-0.371601502,Packed
2.657364813,2.259249034,-0.398115779,Packed
2.667041328,2.280518156,-0.386523172,Packed
2.676625476,2.271231049,-0.405394427,Packed
2.626202857,2.223384271,-0.402818586,Packed
2.744348583,2.271737652,-0.472610931,Packed
2.665450399,2.263864681,-0.401585718,Packed
2.684918803,2.289589238,-0.395329565,Packed
2.694064899,2.307708107,-0.386356792,Packed
2.663014355,2.271478949,-0.391535405,Packed
2.66986008,2.308587023,-0.361273057,Packed
2.694986816,2.287785395,-0.407201422,Packed
2.616818489,2.291415508,-0.325402981,Packed
2.674603336,2.290844389,-0.383758946,Packed
2.560511973,2.222388535,-0.338123438,Packed
2.675501517,2.278192007,-0.39730951,Packed
2.642240605,2.306962618,-0.335277988,Packed
2.662096503,2.302943396,-0.359153107,Packed
2.694774431,2.280616784,-0.414157647,Packed
2.720093152,2.28042377,-0.439669382,Packed
2.639705412,2.276653494,-0.363051919,Packed
2.679744743,2.294586184,-0.385158559,Packed
2.682886132,2.292295605,-0.390590527,Packed
2.665471157,2.274365029,-0.391106128,Packed
2.631403176,2.26382978,-0.367573397,Packed
2.614743609,2.278880852,-0.335862757,Packed
2.662329565,2.260213075,-0.40211649,Packed
2.659781451,2.266996653,-0.392784798,Packed
2.626190065,2.285897857,-0.340292208,Packed
2.566432462,2.184789593,-0.381642869,Packed
2.656444919,2.311902066,-0.344542853,Packed
2.649039666,2.228139979,-0.420899688,Packed
2.688539958,2.294927549,-0.393612409,Packed
2.578926549,2.199785187,-0.379141361,Packed
2.641937501,2.290679444,-0.351258057,Packed
2.68625965,2.287414852,-0.398844798,Packed
2.621676808,2.245391002,-0.376285806,Packed
2.67625373,2.286298097,-0.389955632,Packed
2.604519933,2.23407192,-0.370448012,Packed
2.707646077,2.278913059,-0.428733018,Packed
2.695340884,2.287676161,-0.407664723,Packed
2.524928257,2.189668799,-0.335259458,Packed
2.681002104,2.286346855,-0.394655249,Packed
2.539816142,2.209769894,-0.330046248,Packed
2.628781489,2.276960715,-0.351820774,Packed
2.577935353,2.190284191,-0.387651162,Packed
2.694846328,2.307679406,-0.387166922,Packed
2.68999002,2.303979338,-0.386010681,Packed
2.521587015,2.198186657,-0.323400358,Packed
2.635838407,2.275972882,-0.359865526,Packed
2.632325181,2.276319119,-0.356006062,Packed
2.635474785,2.264739058,-0.370735727,Packed
2.679424658,2.306108672,-0.373315986,Packed
2.661181818,2.305112644,-0.356069173,Packed
2.690280461,2.303307232,-0.386973229,Packed
2.647425222,2.270338104,-0.377087118,Packed
2.651724038,2.254928106,-0.396795932,Packed
2.637984051,2.2356924,-0.402291652,Packed
2.644138037,2.286330688,-0.357807349,Packed
2.663637903,2.315468495,-0.348169409,Packed
2.562190267,2.21262469,-0.349565577,Packed
2.663611856,2.287397737,-0.37621412,Packed
2.69992189,2.309672842,-0.390249048,Packed
2.608221991,2.271306366,-0.336915625,Packed
2.697030442,2.313449165,-0.383581277,Packed
2.629542779,2.27756228,-0.351980499,Packed
2.638277597,2.271977028,-0.366300569,Packed
2.557239054,2.181737892,-0.375501162,Packed
2.653828506,2.290424144,-0.363404362,Packed
2.661812063,2.287515859,-0.374296204,Packed
2.56433742,2.204479686,-0.359857734,Packed
2.649798519,2.275490545,-0.374307974,Packed
2.675466196,2.247259408,-0.428206788,Packed
2.673927987,2.313463178,-0.360464809,Packed
2.650926675,2.23515444,-0.415772234,Packed
1.79995543,2.305838314,0.505882884,Packed
2.672771137,2.281222136,-0.391549001,Packed
2.618925286,2.25514056,-0.363784727,Packed
2.749851841,2.293611476,-0.456240365,Packed
2.636735284,2.226395579,-0.410339704,Packed
2.68990024,2.281154707,-0.408745533,Packed
2.647446476,2.267831214,-0.379615262,Packed
2.64879748,2.246565799,-0.402231681,Packed
2.669628488,2.291233904,-0.378394584,Packed
2.442609865,2.183678804,-0.258931061,Packed
2.664803964,2.304620647,-0.360183316,Packed
2.67999386,2.306367629,-0.373626232,Packed
2.668155494,2.265634158,-0.402521336,Packed
2.678100247,2.290400362,-0.387699885,Packed
2.686296036,2.310900799,-0.375395237,Packed
2.618045103,2.250178873,-0.367866229,Packed
2.622155384,2.27123964,-0.350915744,Packed
2.664337808,2.282812541,-0.381525267,Packed
2.646824797,2.284617982,-0.362206815,Packed
2.626365962,2.26177691,-0.364589052,Packed
2.651276189,2.255587062,-0.395689127,Packed
2.62683137,2.271313501,-0.355517869,Packed
2.701144697,2.322233287,-0.378911409,Packed
2.630165923,2.279640374,-0.350525549,Packed
2.632977362,2.267919589,-0.365057774,Packed
2.540129706,2.174441595,-0.365688111,Packed
2.682455563,2.282306416,-0.400149147,Packed
2.709329841,2.277724803,-0.431605038,Packed
2.586630119,2.206709798,-0.379920321,Packed
2.596816107,2.232800289,-0.364015818,Packed
2.275809518,1.9211332,-0.354676319,Packed
2.581711462,2.202673588,-0.379037874,Packed
2.281181923,1.925247563,-0.35593436,Packed
2.683951114,2.299666347,-0.384284767,Packed
2.711237789,2.305351671,-0.405886118,Packed
2.581877548,2.19341307,-0.388464478,Packed
2.620175719,2.275774013,-0.344401706,Packed
2.584810169,2.222171328,-0.36263884,Packed
2.666707922,2.305668608,-0.361039314,Packed
2.664871867,2.292118425,-0.372753442,Packed
2.629344811,2.290007582,-0.339337229,Packed
2.635482669,2.283088262,-0.352394407,Packed
2.664090841,2.307833625,-0.356257216,Packed
2.573635435,2.201282432,-0.372353003,Packed
2.705334373,2.301839224,-0.403495149,Packed
2.668559471,2.289720936,-0.378838535,Packed
2.640781064,2.262284344,-0.37849672,Packed
2.719348778,2.285039074,-0.434309704,Packed
1.201474581,1.048910309,-0.152564272,Packed
2.579046395,2.224090444,-0.354955951,Packed
